index,url,username,password
0,https://auth.gamearter.com/,donotprikel@outlook.com,
3,https://clara.io/view/79321093-eab6-4afd-b42a-9f9750ef5c34,donotprikel,
4,https://www.wish.com/au,donotprikel2@gmail.com,
5,https://account.samsung.com/accounts/v1/MBR/signUp,sm.a02s5azsty@gmail.com,
6,https://loading.io/,sm.a02s5azsty@gmail.com,
7,https://windscribe.com/signup,win32agent,
9,https://signin.aws.amazon.com/signin,sm.a02s5azsty@gmail.com,
11,https://login.live.com/oauth20_authorize.srf,donotprikel@outlook.com,
12,https://account.live.com/acsr,donotprikel@outlook.com,
13,https://discord.com/channels/196618637950451712/196635695958196224,sm.a02s5azsty@gmail.com,
14,https://easy-firmware.com/index.php,donotprikel223,
15,https://www.sammobile.com/forum/register.php,fastdip,
17,https://support.halabtech.com/index.php,donotprikel,
18,https://romdevelopers.com/index.php,donotprikel,
19,https://sketchfab.com/3d-models/duolingo-owl-ccbef1376c004112b2b5d08e74740d59,atlasintou@gmail.com,
20,https://github.com/signup,donotprikel231,
21,https://id.unity.com/en/conversations/72775bb6-cfa0-4ccb-806f-e967cd5e4fb1003f,donotprikel1@gmail.com,
22,https://signup.live.com/signup,donotprtikel321@outlook.com,
23,https://vrchat.com/home/register,win32agent,
25,https://bugs.mojang.com/login.jsp,donot,
26,https://github.com/login,atlasintou@gmail.com,
28,https://store.steampowered.com/join/completesignup,donotprikel231,
29,https://steamcommunity.com/login/home/,donotprikel231,
32,https://www.instagram.com/accounts/emailsignup/,donotprikel231,
33,https://www.kogama.com/,donotprikel,
34,https://discord.com/channels/1056305428423778356/1056305429237485671,atlasintou@gmail.com,
36,https://accounts.motorola.com/ssoauth/web/signup.html,atlasintou@gmail.com,
38,https://done3d.com/register/,donotprikel,
50,http://169.254.213.232:8081/,prikel231,
51,https://help.steampowered.com/en/wizard/Login,donotprikel231,
56,http://10.0.0.155/,pi,
57,http://10.0.0.155/,pi,
58,http://10.0.0.155/,admin,
61,https://forums-fastunlock.com/register/,donotprikel231,
64,https://iplogger.org/signup/append/,atlasintou@gmail.com,
68,https://login.live.com/login.srf,+1 425-239-1022,
70,https://www.umarexusa.com/register,atlasintou@gmail.com,
74,https://clickstore.clickteam.com/index.php,4252391022,
75,https://www.trilogyplus.com/checkout/subscribe/signup,atlasintou@gmail.com,
78,https://github.com/signup,skeletalsystemsowen@gmail.com,
80,https://community.clickteam.com/register.php,donotprikel231,
82,https://idmsa.apple.com/appleauth/auth/authorize/signin,Allahsuckmydick80@letsboost.net,
85,https://support.halabtech.com/index.php,donotprikel231,
86,https://unlocktool.net/register/,donotprikel231,
88,https://id.unity.com/en/conversations/aedf9405-793a-49e6-a983-3e99da37f4fc003f,donotprikelmanagement@gmail.com,
89,https://auth.meta.com/login/,donotprikelmanagement@gmail.com,
90,https://id.photonengine.com/Account/SignIn,donotprikelmanagement@gmail.com,
91,https://www.ixl.com/math/pre-k/learn-to-count-up-to-3,wilsonstingily307,
92,https://license.unity3d.com/update/start/login,donotprikelmanagement@gmail.com,
93,https://id.blender.org/register/,atlasintou@gmail.com,
94,https://www.unrealengine.com/id/register/epic,donotprikel231,
97,https://key-tool.com/home/,donotprikel231,
98,https://www.sammobile.com/forum/register.php,donotprikel231,
99,https://account.samsung.com/accounts/v1/samsung_com_us/signUp,atlasintou@gmail.com,
101,https://login.live.com/oauth20_authorize.srf,+1 425-239-1022,
102,https://www.instagram.com/accounts/login/,4252391022,
104,https://remotedesktop.google.com/access/,Donotprikel-A02S-SystemDeprecated,
105,https://accounts.snapchat.com/accounts/v2/password,atlasintou@gmail.com,
106,https://id.unity.com/en/conversations/88932efd-c8b2-4bc7-9b1e-2e41505bab1d012f,donotprikelmanagement@gmail.com,
108,https://login.microsoftonline.com/common/oauth2/authorize,wilson.stingily@studentssd.org,
109,https://www.instagram.com/,atlasintou@gmail.com,
