index,url,username,password
3,https://accounts.google.com/,meatadrian0@gmail.com,W1l2o3445566
7,android://q2wV27YisyGcMXcBDKtNQFgr7cYGeqcBgk1b4Qsl8_GS9mqvfD1s6pDhbaTM1MZ7ybon8xzRaAJ2WYOVjSksMg==@com.hualai/,atlasintou@gmail.com,W1l2o3445566
10,https://id.unity.com/en/conversations/88932efd-c8b2-4bc7-9b1e-2e41505bab1d012f,donotprikelmanagement@gmail.com,W1l2o34455667788990
14,https://unlocktool.net/register/,willremovelocker,W1l2o3445566
21,android://96SB3X_SDzok-8UIC_I9ApLKH43qYhvdbE3FoGQzzeUy8whkAAJUj1k-voHRVDw1XKZuoafnwPysI8YAKkqfPA==@com.cxinventor.file.explorer/,donot,donot123
22,https://auth.gamearter.com/,donotprikel@gmail.com,donot123
27,https://www.instagram.com/elijahds_22/,4252366948,Packerils@12
28,https://remotedesktop.google.com/access,Donotprikel-A02S,123456
33,https://login.microsoftonline.com/,wstingily@sonicsquirrels.com,Pur52654
34,https://www.instagram.com/accounts/login/,4252391022,W1l2o3445566
36,https://appleid.apple.com/account,atlasintou@gmail.com,W1l2o3445566!@#$$#@!
41,https://login.microsoftonline.com/common/oauth2/authorize,wilson.stingily@studentssd.org,peepers5
45,https://id.photonengine.com/account/signin,donotprikelmanagement@gmail.com,ClichePrikel231
48,https://auth.gamearter.com/,donotprikel@outlook.com,donot123
57,https://remotedesktop.google.com/access/,Donotprikel-A02S-SystemDeprecated,12344321
61,https://accounts.google.com/,looker756,W1l2o344
64,https://www.instagram.com/,atlasintou@gmail.com,W1l2o3445566
66,android://mLcRXjVOCDCLG_DkAtd9GFNpZOu7llApOYHQrXB9wd5bE29RCVo0Pv_n3ER9S2FTqRbA0nkMsSKnHpEy8276VQ==@org.videolan.vlc/,donot,donot123
68,https://login.yahoo.com/account/create,jessiesantos231,9bB4AAvwqBhtt5E
70,android://-tGAdxjvn97BvIR7e9Ybsl_07x2pH2jzWqwhBdks7Lcfq_i5j3_Se7_sUHMnBuI3YOoBy8GPKKxyMHDFM1_UQQ==@com.life360.android.safetymapd/,(425) 239-1022,W1l2o3445566!
71,https://www.paypal.com/us/welcome/signup/,4252391022,W1l2o3445566778899
72,https://login.live.com/oauth20_authorize.srf,+1 425-239-1022,W1l2o3445566
73,https://github.com/login,atlasintou@gmail.com,!@#$%%$#@!231Dono$$&&
74,android://zQxb6hXv1MJiC1Yyotdhi8HP-y7fwPcOLwPOWTwWKpP2VXcbsuIiI4iJ1KV0Dz3LzVsUuKJmYCBIUAxnsPB9FA==@com.facebook.orca/,wiswis,RTq$FQ0W9OX2-_q
75,https://accounts.google.com/,Donotprikel-A02S,W1L2O344556677889900!@#$%%$#@!
76,https://accounts.snapchat.com/accounts/v2/password,atlasintou@gmail.com,W1l2o3445566
77,https://tlauncher.org/en/reg/,donotprikel231,W1l2o3445566778899!@#
78,https://www.ixl.com/,wilsonstingily307,bread74
79,https://firmware.gem-flash.com/index.php,willremovelocker,B!4dyD-GxpwE.x@
80,https://www.ixl.com/,judestingily307,pull77
81,android://dKranQB7c5H2WKHJF5rygyRh5-vrf7ZVODNX_XoJgJ5YncxgwK7vbH1kZrYCLmv68MEawe5nFA-sfKQk9mrbFQ==@tv.twitch.android.app/,donotprikel231,W1l2o3445566
